{
  "簡直": 0.9650249997916687,
  "是神": 0.9650249997916687,
  "器": 0.9650249997916687,
  "！": 0.4648481937410992,
  "這": 0.4559403328324809,
  "個": 0.486825723212836,
  "老": 0.5153425850038253,
  "師": 0.5153425850038253,
  "博": 0.5697753633557946,
  "主": 0.5697753633557946,
  "真": 0.5938176003243295,
  "是": 0.2528896220495258,
  "特": 0.21929615365142943,
  "別": 0.21929615365142943,
  "呢": 0.2609318812760336,
  "個客": 0.5358662821650787,
  "服": 0.45065477737184956,
  "根本": 0.269043408616634,
  "就": 0.5012802900688013,
  "救星": 0.8269568307550886,
  "外": 0.5228671956575113,
  "送": 0.4349347320881943,
  "將就": 0.5675690374593464,
  "了": 0.33444258251299447,
  "款手": 0.3040333262733038,
  "機": 0.3255249889114532,
  "好": 0.4486384240883607,
  "啦": 0.32974109653502626,
  "隨": 0.22963129303794344,
  "便": 0.22963129303794344,
  "你": 0.2673361522108509,
  "遊": 0.5085458715922689,
  "戲": 0.5085458715922689,
  "還行": 0.44320117195154163,
  "吧": 0.36691116363773146,
  "根": 0.35273593090326255,
  "本": 0.3372993752709729,
  "離": 0.77,
  "不": 0.41059786970797446,
  "開": 0.77,
  "直播": 0.5404177916251158,
  "客": 0.2818329934423322,
  "還": 0.5008542862655645,
  "社": 0.48067440206677864,
  "群": 0.4519329089838728,
  "還算": 0.4821248331414377,
  "ok": 0.3029149769216385,
  "完": 0.8318926608362215,
  "全": 0.8318926608362215,
  "沒": 0.708379012582228,
  "話": 0.8318926608362215,
  "說": 0.8318926608362215,
  "更新": 0.4167380934897591,
  "可不": 0.2849282124744389,
  "樣": 0.35079739557014183,
  "設": 0.4022419325685074,
  "計真": 0.7899999999999999,
  "的": 0.80226855566355,
  "超": 0.6272027949450956,
  "讚": 0.8483328167639607,
  "der": 0.8084833827993145,
  "凱子": 0.55,
  "介面": 0.35043844929590645,
  "平台": 0.4530404145370916,
  "讚到": 0.8940334283942609,
  "爆炸": 0.8940334283942609,
  "完全": 0.5529820688879773,
  "推": 0.32920138441068747,
  "商品": 0.367444898107553,
  "功能": 0.40631217799902986,
  "也": 0.3944907097189328,
  "家": 0.48198204910193465,
  "餐": 0.5289373110899567,
  "廳": 0.5289373110899567,
  "我": 0.4858379941682816,
  "直接": 0.8912671064849699,
  "吹": 0.8912671064849699,
  "爆": 0.8768325926170132,
  "最": 0.18706547189624065,
  "厲害": 0.19670405090486612,
  "群真": 0.86,
  "難用": 0.14201268605959363,
  "死": 0.13599930047149725,
  "真的": 0.5972512391175856,
  "很": 0.5892881544601917,
  "可以": 0.6372333668440752,
  "個系": 0.6396665176856197,
  "統": 0.628886925183914,
  "款": 0.4016391531044398,
  "手": 0.4016391531044398,
  "太扯": 0.1317337835227962,
  "whatever": 0.2876699758813383,
  "退": 0.13251354529048068,
  "錢": 0.13251354529048068,
  "計": 0.37122545505962173,
  "一般": 0.38715739586774844,
  "般": 0.38715739586774844,
  "看": 0.6643184055549534,
  "要": 0.5262094090347619,
  "怎": 0.5262094090347619,
  "麼想": 0.5262094090347619,
  "用": 0.8143957296713278,
  "到": 0.846389874129925,
  "哭": 0.846389874129925,
  "出": 0.8920331958825681,
  "有": 0.48203292983861146,
  "什": 0.5780285125441614,
  "麼": 0.5780285125441614,
  "缺": 0.7938560740735626,
  "點": 0.7413813136140155,
  "這款": 0.3909983045816317,
  "APP": 0.3909983045816317,
  "主播": 0.4695674071238707,
  "爛透": 0.1393802483168168,
  "太": 0.4432216177670484,
  "專": 0.16410690068605888,
  "業": 0.16410690068605888,
  "垃圾": 0.08580163930115477,
  "配送": 0.4963166976407131,
  "級雷": 0.08612390285733716,
  "喔": 0.1499000033332,
  "務": 0.428003752541001,
  "超大雷": 0.15044318342850088,
  "個版": 0.2941059597456341,
  "優": 0.568405099663619,
  "夠": 0.14031865577477878,
  "糟糕": 0.14031865577477878,
  "級": 0.9004696113529798,
  "無": 0.8630592441029176,
  "敵": 0.9004696113529798,
  "普通": 0.6237145632810713,
  "級棒": 0.86,
  "功": 0.1,
  "能": 0.052976365768738,
  "課程": 0.6152939874634451,
  "嗯": 0.24715634842526066,
  "哼": 0.24715634842526066,
  "更": 0.6303999466751986,
  "新": 0.6303999466751986,
  "反正": 0.165541817867179,
  "哇": 0.21250128125731155,
  "塞": 0.21250128125731155,
  "ok！": 0.5058249931250688,
  "真是": 0.2982500169712563,
  "水": 0.30550108196027703,
  "準": 0.30550108196027703,
  "系": 0.6548826742801309,
  "心": 0.8459846610106082,
  "薦": 0.8459846610106082,
  "馬": 0.3961164152858145,
  "虎虎": 0.3961164152858145,
  "der！": 0.8459836939697171,
  "普普通通": 0.3597990101246378,
  "不行": 0.24724356574273462,
  "啊": 0.26510019952161085,
  "強": 0.7735920778528051,
  "錯": 0.25861864881343755,
  "誰理": 0.32297636576873806,
  "傑作": 0.2650593657998478,
  "版本": 0.4956498311952366,
  "智": 0.34759621689782616,
  "障": 0.06624345224312224,
  "棒": 0.24833776119955966,
  "這家": 0.18938552319843757,
  "店": 0.13842026665321247,
  "說得": 0.19183272300682216,
  "對": 0.19183272300682216,
  "版": 0.41,
  "見仁": 0.48643349764926275,
  "見": 0.5299282631771454,
  "仁": 0.5836088644290625,
  "好棒": 0.24657807603289178,
  "哦": 0.24657807603289178,
  "超乎": 0.8866032579803127,
  "期待": 0.8866032579803127,
  "本待": 0.34,
  "觀察": 0.3721884743967382,
  "誇": 0.07834785595476039,
  "張": 0.07834785595476039,
  "覺得": 0.26110626794108593,
  "配": 0.19919383363401472,
  "爛": 0.16344169188663157,
  "東": 0.16344169188663157,
  "西": 0.16344169188663157,
  "愛": 0.8487814315629807,
  "上": 0.8487814315629807,
  "可": 0.5,
  "以": 0.5,
  "考": 0.5,
  "慮": 0.5,
  "踩雷": 0.21477501687348136,
  "浪": 0.05999999999999999,
  "費": 0.05999999999999999,
  "時": 0.05999999999999999,
  "間": 0.05999999999999999,
  "香": 0.8906193204430106,
  "湊": 0.37,
  "合著": 0.37,
  "整": 0.73,
  "敵神": 0.73,
  "算": 0.5503999466751985,
  "差": 0.5503999466751985,
  "但": 0.5503999466751985,
  "支": 0.304850527288939,
  "影片": 0.304850527288939,
  "情": 0.5238457775901211,
  "況": 0.5238457775901211,
  "詐": 0.21556537907829137,
  "騙": 0.21556537907829137,
  "個功": 0.01,
  "氣": 0.12416882331340065,
  "人": 0.12416882331340065,
  "介": 0.43,
  "面": 0.43,
  "行": 0.43,
  "醬子": 0.3019780465220947,
  "待": 0.3891002699028353,
  "覺": 0.24945587477855047,
  "得": 0.24945587477855047,
  "哥": 0.23,
  "高手": 0.32,
  "一": 0.55,
  "般般": 0.55,
  "包": 0.04,
  "品": 1.0,
  "質": 1.0,
  "穩": 1.0,
  "直": 0.43,
  "播": 0.43,
  "統真": 0.8,
  "課": 0.08,
  "程": 0.08
}