{
  "真": 0.5383804321289063,
  "是": 0.21065858510216295,
  "傑作": 0.271875,
  "啊": 0.20673828125,
  "這": 0.47458679417250355,
  "什": 0.82844482421875,
  "麼": 0.82844482421875,
  "爛": 0.130234375,
  "東": 0.130234375,
  "西": 0.130234375,
  "！": 0.7020722103316646,
  "個": 0.7643051056374996,
  "直播": 0.69446044921875,
  "也": 0.273819381367357,
  "就": 0.7716302592679858,
  "樣": 0.36361629486083985,
  "，": 0.5346139513456637,
  "外": 0.34265625,
  "送": 0.34265625,
  "介": 0.3975,
  "面": 0.3975,
  "還": 0.50125,
  "算": 0.4389132690429687,
  "ok": 0.4208984375,
  "的": 0.837593994140625,
  "超": 0.31799301147460934,
  "讚": 0.85716796875,
  "der！": 0.778125,
  "平台": 0.7683493041992187,
  "有": 0.858212252408266,
  "優": 0.46830078124999996,
  "點": 0.8584863531589508,
  "缺": 0.8681500244140625,
  "好棒": 0.27875,
  "棒": 0.282747802734375,
  "哦": 0.251875,
  "真的": 0.5684423828125,
  "浪": 0.148203125,
  "費": 0.148203125,
  "時": 0.148203125,
  "間": 0.148203125,
  "老": 0.5869322204589844,
  "師": 0.5869322204589844,
  "你": 0.2438337829709053,
  "最": 0.24320411682128906,
  "厲害": 0.270097541809082,
  "了": 0.19554176124116024,
  "不行": 0.14375000000000002,
  "博": 0.249478759765625,
  "主": 0.2495440673828125,
  "踩雷": 0.11625,
  "啦": 0.14593582156609047,
  "太": 0.4636722707748413,
  "香": 0.8104687500000001,
  "個系": 0.4602319335937499,
  "統": 0.42644958496093743,
  "級": 0.8478125,
  "無": 0.84337158203125,
  "敵": 0.8478125,
  "高手": 0.20292480468750002,
  "一般": 0.49773437499999995,
  "般": 0.49773437499999995,
  "功": 0.38125,
  "能": 0.5978125,
  "湊": 0.4075,
  "合著": 0.4075,
  "用": 0.8094921875,
  "這家": 0.6837109375,
  "店": 0.5403076171875,
  "這款": 0.37450469970703126,
  "APP": 0.37450469970703126,
  "還算": 0.5221875,
  "播": 0.305,
  "整": 0.8371875,
  "敵神": 0.8371875,
  "服": 0.12904323220252992,
  "務": 0.248927001953125,
  "主播": 0.18712890625,
  "很": 0.5476953125,
  "可以": 0.7559374999999999,
  "商": 0.1075,
  "品": 0.7982373046875,
  "退": 0.176015625,
  "錢": 0.176015625,
  "心": 0.756875,
  "推": 0.57973876953125,
  "薦": 0.756875,
  "款手": 0.382838134765625,
  "機": 0.3825477600097656,
  "課程": 0.5292041015625,
  "根": 0.4648291015625,
  "本": 0.4648291015625,
  "詐": 0.136875,
  "騙": 0.136875,
  "看": 0.89216552734375,
  "情": 0.519296875,
  "況": 0.519296875,
  "吧": 0.3657371753250481,
  "設": 0.2711922836303711,
  "計": 0.2711922836303711,
  "根本": 0.4200433349609375,
  "智": 0.12814208984375,
  "障": 0.08742187500000001,
  "難用": 0.14937499999999998,
  "死": 0.168203125,
  "普普通通": 0.5371874999999999,
  "真是": 0.28875,
  "水": 0.135,
  "準": 0.135,
  "級雷": 0.1059375,
  "更新": 0.54369140625,
  "款": 0.14750000000000002,
  "手": 0.14750000000000002,
  "還行": 0.4825,
  "質": 0.84640625,
  "穩": 0.8271617889404297,
  "遊": 0.5246875,
  "戲": 0.5246875,
  "介面": 0.790093994140625,
  "商品": 0.5881298828125,
  "爛透": 0.146614990234375,
  "救星": 0.8843359375,
  "沒": 0.23500000000000001,
  "錯": 0.23500000000000001,
  "呢": 0.29930895805358887,
  "不": 0.8270234422013163,
  "差": 0.47015624999999994,
  "但": 0.47015624999999994,
  "好": 0.30193267822265624,
  "氣": 0.13,
  "人": 0.13,
  "支": 0.499638671875,
  "影片": 0.35927734375,
  "爆": 0.9146875,
  "馬": 0.46171875,
  "虎虎": 0.40375,
  "專": 0.27812499999999996,
  "業": 0.27812499999999996,
  "我": 0.29396728515625004,
  "覺": 0.250625,
  "得": 0.250625,
  "愛": 0.81140625,
  "上": 0.81140625,
  "特": 0.275,
  "別": 0.275,
  "行": 0.145,
  "隨": 0.323125,
  "便": 0.323125,
  "家": 0.08750000000000001,
  "個客": 0.45445312499999996,
  "太扯": 0.0925,
  "個功": 0.7375,
  "哇": 0.321875,
  "塞": 0.321875,
  "功能": 0.7733007812499999,
  "離": 0.8185156250000001,
  "開": 0.8185156250000001,
  "見仁": 0.6003125,
  "見": 0.6003125,
  "完全": 0.881640625,
  "可": 0.325,
  "以": 0.325,
  "考": 0.325,
  "慮": 0.325,
  "直接": 0.81375,
  "吹": 0.81375,
  "說得": 0.16999999999999998,
  "對": 0.16999999999999998,
  "簡直": 0.8162499999999999,
  "是神": 0.8162499999999999,
  "器": 0.8162499999999999,
  "覺得": 0.239375,
  "系": 0.3775,
  "超大雷": 0.125,
  "反正": 0.275625,
  "ok，": 0.47812499999999997,
  "客": 0.24375000000000002,
  "將": 0.26,
  "店待": 0.215,
  "觀察": 0.505625,
  "出": 0.9159375,
  "待": 0.47875,
  "誰理": 0.06,
  "課": 0.195,
  "程": 0.195,
  "個平": 0.35,
  "台": 0.35,
  "強": 0.86875,
  "喔": 0.085,
  "將就": 0.47375,
  "影": 0.45,
  "片": 0.45,
  "更": 0.495,
  "新": 0.495,
  "那": 0.055
}