{
  "普通": 0.4384318272925981,
  "啦": 0.36165267268750806,
  "！": 0.47565400863096624,
  "這": 0.4676662852112323,
  "款手": 0.572016414860326,
  "機": 0.5454269030722982,
  "個": 0.4851056869070691,
  "商": 0.33871732519004705,
  "品": 0.5702894906998514,
  "有": 0.47385364393564394,
  "優": 0.48292954560200624,
  "點": 0.6743923952221348,
  "也": 0.344192891550424,
  "缺": 0.7461229586556987,
  "設": 0.5017700248975286,
  "計": 0.4715091087162321,
  "簡直": 0.8788428502415937,
  "是神": 0.8788428502415937,
  "器": 0.8788428502415937,
  "就": 0.4843345456720912,
  "樣": 0.3120673592252429,
  "家": 0.5761963058543702,
  "餐": 0.5845257286258027,
  "廳": 0.5845257286258027,
  "社": 0.25744726410830326,
  "群": 0.25744726410830326,
  "超大雷": 0.11784173219356782,
  "主播": 0.3431024616133893,
  "不": 0.516150954193548,
  "算": 0.5,
  "差": 0.49999999999999994,
  "但": 0.49999999999999994,
  "好": 0.4249561908141109,
  "氣": 0.16437513017578947,
  "死": 0.15143761862762475,
  "人": 0.16437513017578947,
  "了": 0.3404915618210278,
  "遊": 0.39254929219056417,
  "戲": 0.39254929219056417,
  "爛透": 0.1552136735403266,
  "反正": 0.2329247660417351,
  "你": 0.2913636466829064,
  "最": 0.2626800111127623,
  "厲害": 0.22961534457898214,
  "這家": 0.3389106674450985,
  "店": 0.34749610628075606,
  "普普通通": 0.5250126714554217,
  "真": 0.5073187006070331,
  "的": 0.8603030426956222,
  "超": 0.6021583416558035,
  "讚": 0.8110652558026519,
  "der！": 0.89,
  "配送": 0.47502670888796417,
  "看": 0.591968977490451,
  "情": 0.4599116435160965,
  "況": 0.4599116435160965,
  "吧": 0.4255384145325853,
  "是": 0.27450590110509404,
  "說得": 0.20446271477482256,
  "對": 0.20446271477482256,
  "要": 0.5197816595346465,
  "怎": 0.5197816595346465,
  "麼想": 0.5197816595346465,
  "介面": 0.5637286372556013,
  "介": 0.3938051212788195,
  "面": 0.3938051212788195,
  "湊": 0.520422569817476,
  "合": 0.39,
  "著": 0.39,
  "用": 0.6796109989702432,
  "真的": 0.7250987269158148,
  "很": 0.7518549006707418,
  "可以": 0.76168541604536,
  "支": 0.43653657468846496,
  "影片": 0.43653657468846496,
  "沒": 0.5181242193699473,
  "錯": 0.17937902799587266,
  "呢": 0.2381715253871667,
  "客": 0.8506144768015625,
  "服": 0.5745221177153804,
  "太": 0.4727842638861174,
  "強": 0.8612073170039388,
  "博": 0.5160770198189263,
  "主": 0.5260504000759093,
  "合著": 0.5467178573035851,
  "完": 0.8483229330630566,
  "全": 0.8483229330630566,
  "話": 0.8483229330630566,
  "說": 0.8483229330630566,
  "可不": 0.2866565366740051,
  "個客": 0.6415714681078869,
  "根本": 0.4704873676994083,
  "垃圾": 0.14084340768139084,
  "推": 0.5344488649329124,
  "直播": 0.5440752520618563,
  "個系": 0.4240618457790284,
  "統": 0.33454962742711886,
  "款": 0.36750208125210604,
  "手": 0.36750208125210604,
  "凱子": 0.32,
  "傑作": 0.30471897153538985,
  "啊": 0.2518615722293747,
  "難用": 0.14779390602176445,
  "商品": 0.4515446892457613,
  "高手": 0.23853174203690333,
  "功能": 0.5870469283066562,
  "老": 0.6503066315063312,
  "師": 0.6503066315063312,
  "還": 0.4044753650317139,
  "平台": 0.4539953906991034,
  "個功": 0.19000000000000003,
  "能": 0.341517483262091,
  "退": 0.1737141367750621,
  "錢": 0.1737141367750621,
  "馬": 0.5307013302729015,
  "虎虎": 0.5307013302729015,
  "好棒": 0.2618382480040418,
  "棒": 0.2405819891163996,
  "哦": 0.22340168121096537,
  "我": 0.608744549170299,
  "覺得": 0.2708695168950292,
  "播": 0.3140674911538001,
  "什": 0.5324237034649956,
  "麼": 0.5324237034649956,
  "爛": 0.07753793771656584,
  "東": 0.07753793771656584,
  "西": 0.07753793771656584,
  "誰理": 0.2846333831646466,
  "級雷": 0.1403723470825495,
  "到": 0.8639644530214898,
  "哭": 0.8639644530214898,
  "更新": 0.2999080342069715,
  "可": 0.5367558498601138,
  "以": 0.5367558498601138,
  "考": 0.5367558498601138,
  "慮": 0.5367558498601138,
  "浪": 0.07938552319843757,
  "費": 0.07938552319843757,
  "時": 0.07938552319843757,
  "間": 0.07938552319843757,
  "課程": 0.6122864178872741,
  "不行": 0.1392961536514294,
  "見仁": 0.64,
  "見": 0.6008078360239724,
  "智": 0.4465532459144508,
  "務": 0.47553433860022587,
  "配": 0.3381249633708306,
  "送": 0.3927171176012839,
  "級": 0.806419826357877,
  "無": 0.7993247900362281,
  "敵": 0.806419826357877,
  "夠": 0.15804163270361032,
  "糟糕": 0.15804163270361032,
  "凱": 0.41,
  "子": 0.41,
  "計真": 0.76,
  "der": 0.76,
  "整": 0.7848460893106849,
  "敵神": 0.7848460893106849,
  "真是": 0.25075626878269486,
  "誇": 0.15548923340889453,
  "張": 0.15548923340889453,
  "這款": 0.615857784961376,
  "APP": 0.615857784961376,
  "救星": 0.9234203351405796,
  "直接": 0.8488623412703238,
  "吹": 0.8488623412703238,
  "爆": 0.8523177588967087,
  "完全": 0.800859065181413,
  "出": 0.9037998260373766,
  "外": 0.4100513205313144,
  "踩雷": 0.18513218543765236,
  "直": 0.053775499963352714,
  "包": 0.1522814448108426,
  "系": 0.09434543135456455,
  "太扯": 0.09523778381357226,
  "特": 0.2660099162396083,
  "別": 0.2660099162396083,
  "水": 0.27210973208734474,
  "準": 0.27210973208734474,
  "whatever": 0.3027759829633429,
  "博主": 0.37466181416997985,
  "喔": 0.1889336176792059,
  "讚到": 0.9194351221110686,
  "爆炸": 0.9194351221110686,
  "將就": 0.43,
  "服用": 0.91,
  "愛": 0.91,
  "上": 0.91,
  "醬子": 0.27849776917622027,
  "質": 0.8384989708207802,
  "穩": 0.8384989708207801,
  "嗯": 0.11,
  "哼": 0.11,
  "還行": 0.5098118992788556,
  "個版": 0.7242376476933963,
  "本": 0.4392234669352276,
  "哇": 0.24530429046674623,
  "塞": 0.24530429046674623,
  "香": 0.8761098224622982,
  "個平": 0.5257992267903799,
  "台": 0.5257992267903799,
  "主待": 0.34,
  "觀察": 0.4721587398671546,
  "隨": 0.19926244734691106,
  "便": 0.19926244734691106,
  "還算": 0.5384097553448398,
  "ok": 0.4895000166660001,
  "版本": 0.35972537073438454,
  "仁": 0.58,
  "專": 0.14477501687348138,
  "業": 0.14477501687348138,
  "品待": 0.58,
  "根": 0.26562045122439243,
  "離": 0.7503999466751986,
  "開": 0.7503999466751986,
  "詐": 0.12311996804243312,
  "騙": 0.12311996804243312,
  "級棒": 0.9004864559101661,
  "心": 0.8417390880171141,
  "薦": 0.8417390880171141,
  "待": 0.48830005666440013,
  "課": 0.8694729427029841,
  "程": 0.8694729427029841,
  "功": 0.54,
  "超乎": 0.826224500036647,
  "期待": 0.826224500036647,
  "ok！": 0.5856248698242106,
  "社群": 0.69,
  "版": 0.43,
  "障": 0.18,
  "那": 0.17078094016964857
}