{
  "爛透": 0.12408491402201573,
  "了": 0.3406861781366932,
  "！": 0.4877159020763566,
  "這": 0.4640872870758412,
  "個": 0.48923947735660267,
  "社": 0.33589674402222125,
  "群": 0.27286672112373167,
  "還": 0.45693621346449836,
  "好": 0.30371118735026115,
  "啦": 0.3304419166075646,
  "這家": 0.623747172787072,
  "店": 0.5519065888359864,
  "老": 0.5388158121805895,
  "師": 0.5388158121805895,
  "我": 0.547302708782802,
  "直接": 0.9500499995833375,
  "吹": 0.9500499995833375,
  "爆": 0.9218077626238437,
  "超": 0.7329381379431166,
  "級棒": 0.7866935588628088,
  "的": 0.8243309906631661,
  "功能": 0.7042512824987475,
  "根": 0.20253108034570347,
  "本": 0.25862194237460207,
  "是": 0.30128389439095876,
  "詐": 0.1044558550130094,
  "騙": 0.1044558550130094,
  "踩雷": 0.24530820277812598,
  "更新": 0.4485390134257661,
  "外": 0.2907386543560933,
  "送": 0.2263221690560982,
  "氣": 0.14183882342999946,
  "死": 0.16073806518862882,
  "人": 0.14183882342999946,
  "哇": 0.2747750168734814,
  "塞": 0.2747750168734814,
  "厲害": 0.21184811691718264,
  "還行": 0.5161207601651142,
  "個系": 0.30286022003962276,
  "統": 0.30286022003962276,
  "完全": 0.24806002886194672,
  "看": 0.6087588180918654,
  "不": 0.361012684013619,
  "出": 0.8480219534779053,
  "有": 0.48529514812905766,
  "什": 0.6049189494981216,
  "麼": 0.6049189494981216,
  "缺": 0.5987664948563874,
  "點": 0.5557440447907609,
  "介面": 0.5340800854369556,
  "遊": 0.43567124904252824,
  "戲": 0.43567124904252824,
  "更": 0.28114933085128546,
  "新": 0.28114933085128546,
  "也": 0.38101207726451053,
  "太扯": 0.16451125455260945,
  "吧": 0.2834481141728941,
  "商品": 0.6102545318719037,
  "真的": 0.8624021950664487,
  "很": 0.6539984676462012,
  "可以": 0.680044019103846,
  "用": 0.7102306437538588,
  "就": 0.6279054266529549,
  "愛": 0.8385792284335212,
  "上": 0.8385792284335212,
  "支": 0.7809645573455631,
  "影片": 0.8167162192261661,
  "太": 0.45571452952199937,
  "專": 0.2245784271549174,
  "業": 0.2245784271549174,
  "博": 0.3592499188342825,
  "主": 0.3592499188342825,
  "普通": 0.5587343739998346,
  "還算": 0.5224100730486738,
  "ok！": 0.5026262293477245,
  "級雷": 0.03572096322093155,
  "包": 0.03572096322093155,
  "設": 0.41349001215571934,
  "計": 0.41349001215571934,
  "影": 0.6068153685421871,
  "片": 0.6068153685421871,
  "誇": 0.1316925587434929,
  "張": 0.1316925587434929,
  "根本": 0.4645091669027772,
  "救星": 0.8356741025720893,
  "主播": 0.4905510811066584,
  "直播": 0.4405024434508163,
  "ok": 0.4384993914583686,
  "退": 0.14255636102149158,
  "錢": 0.14255636102149158,
  "真": 0.6937886767240443,
  "讚": 0.8817342001048033,
  "der！": 0.8628423876424413,
  "個客": 0.38476181684434435,
  "服": 0.5274563221929242,
  "群真": 0.82,
  "der": 0.8938050450925222,
  "客": 0.5974927440347525,
  "難用": 0.232976365768738,
  "級": 0.8781869956819931,
  "無": 0.8835827830718014,
  "敵": 0.8781869956819931,
  "隨": 0.2015725558511601,
  "便": 0.2015725558511601,
  "推": 0.44907756380874775,
  "那": 0.33437513017578946,
  "你": 0.25440182749915763,
  "哦": 0.2543018076449507,
  "心": 0.9022122560668255,
  "薦": 0.9022122560668255,
  "不行": 0.1491545328211521,
  "啊": 0.21906393392929704,
  "平台": 0.5469614864725317,
  "家": 0.38527474729262146,
  "餐": 0.4074210132410075,
  "廳": 0.4074210132410075,
  "情": 0.5247779014734479,
  "況": 0.5247779014734479,
  "whatever": 0.2163149773637868,
  "課程": 0.6556128801729889,
  "一般": 0.5019213201771036,
  "般": 0.5019213201771036,
  "配": 0.24410499853419176,
  "這款": 0.5329153759077798,
  "APP": 0.5329153759077798,
  "普普通通": 0.47800026662400696,
  "優": 0.4947716921114821,
  "款手": 0.598998287350171,
  "機": 0.512139141253638,
  "喔": 0.23524038517077825,
  "智": 0.3011119355500462,
  "障": 0.22078094016964858,
  "超大雷": 0.10984732620108799,
  "傑作": 0.2665107468258643,
  "見仁": 0.3243751301757894,
  "見": 0.3832571165292074,
  "超乎": 0.8906544279620587,
  "期待": 0.8906544279620587,
  "版本": 0.33330791906398244,
  "真是": 0.292206882719548,
  "水": 0.3006216595218238,
  "準": 0.3006216595218238,
  "完": 0.9258412006015792,
  "全": 0.9258412006015792,
  "沒": 0.7964643569024662,
  "話": 0.9258412006015792,
  "說": 0.9258412006015792,
  "直": 0.4651270567774739,
  "播": 0.4651270567774739,
  "介": 0.4937119112228484,
  "面": 0.4937119112228484,
  "算": 0.5028339331339512,
  "香": 0.8158309878689154,
  "款": 0.14,
  "手": 0.14,
  "樣": 0.3968938026712049,
  "配送": 0.5779637021499273,
  "將就": 0.31,
  "覺得": 0.2927399678758078,
  "呢": 0.28644030772215445,
  "務": 0.5890741064666957,
  "個版": 0.4280183150185329,
  "好棒": 0.23016139441797354,
  "棒": 0.251950470947044,
  "要": 0.5754810897711965,
  "怎": 0.5754810897711965,
  "麼想": 0.5754810897711965,
  "醬子": 0.12,
  "仁": 0.45,
  "誰理": 0.3272178011583924,
  "強": 0.8427954978569228,
  "垃圾": 0.12838682276313032,
  "湊": 0.4812310647451816,
  "合著": 0.4812310647451816,
  "差": 0.4996413265257078,
  "但": 0.4996413265257078,
  "最": 0.1789443792551299,
  "反正": 0.12953638689742042,
  "馬": 0.41617567215801615,
  "虎虎": 0.41617567215801626,
  "錯": 0.3643751301757895,
  "簡直": 0.9352249831265185,
  "是神": 0.9352249831265185,
  "器": 0.9352249831265185,
  "品": 0.89,
  "質": 0.89,
  "穩": 0.89,
  "嗯": 0.2554942857002607,
  "哼": 0.2554942857002607,
  "機真": 0.74,
  "送真": 0.97,
  "店真": 0.96,
  "整": 0.8924232109179464,
  "敵神": 0.8924232109179464,
  "博主": 0.26869857370373545,
  "可": 0.65,
  "以": 0.65,
  "考": 0.65,
  "慮": 0.65,
  "機待": 0.56,
  "觀察": 0.4532367472463353,
  "讚到": 0.9208543108061071,
  "爆炸": 0.9208543108061071,
  "凱子": 0.6135956862117485,
  "個功": 0.48570014332760025,
  "能": 0.3718316168683809,
  "一": 0.64,
  "般般": 0.64,
  "說得": 0.22270395043518285,
  "對": 0.22270395043518285,
  "特": 0.15,
  "別": 0.15,
  "務真": 0.87,
  "可不": 0.18960005332480143,
  "覺": 0.29127966608591666,
  "得": 0.29127966608591666,
  "哥": 0.28,
  "版": 0.38,
  "高手": 0.25510798767785,
  "到": 0.8603618775644318,
  "哭": 0.8603618775644318,
  "夠": 0.28,
  "糟糕": 0.28,
  "待": 0.3819780465220947,
  "離": 0.89,
  "開": 0.89,
  "服待": 0.5,
  "功": 0.13,
  "爛": 0.13,
  "東": 0.13,
  "西": 0.13
}